<?xml version="1.0"?>
<extension key="com.cividesk.l10n.update" type="module">
    <file>l10nupdate</file>
    <name>Localization Update</name>
    <description>Automated download of translations files for CiviCRM core and extensions.</description>
    <urls>
        <url desc="Main Extension Page">https://github.com/cividesk/com.cividesk.l10n.autofetch</url>
        <url desc="Documentation">https://github.com/cividesk/com.cividesk.l10n.autofetch</url>
        <url desc="Support">https://github.com/cividesk/com.cividesk.l10n.update/issues</url>
    </urls>
    <license>AGPL v3</license>
    <maintainer>
        <author>Nicolas Ganivet (cividesk)</author>
        <email>support@cividesk.com</email>
    </maintainer>
    <releaseDate>2020-04-05</releaseDate>
    <version>1.1</version>
    <compatibility>
        <ver>5.19</ver>
    </compatibility>
    <comments>
        Once installed, this extension will automatically download translation files for CiviCRM core and extensions when you
        access either the localization settings or extension management screens in CiviCRM administration. The localization
        settings screen will also display all possible languages you can enable in CiviCRM.
    </comments>
  <civix>
    <namespace>CRM/L10nupdate</namespace>
  </civix>
</extension>
